<?xml version="1.0" encoding="utf-8" standalone="yes"?>
<rss version="2.0" xmlns:atom="http://www.w3.org/2005/Atom">
  <channel>
    <title>Contacts on 3 Luxor Pots</title>
    <link>https://luxorpots-ca.com/contacts/</link>
    <description>Recent content in Contacts on 3 Luxor Pots</description>
    <generator>Hugo</generator>
    <language>en</language>
    <lastBuildDate></lastBuildDate>
    <atom:link href="https://luxorpots-ca.com/contacts/index.xml" rel="self" type="application/rss+xml" />
  </channel>
</rss>
